Seg,mV
0.05698657,0.03546196688792248
0.05709839,0.035416189822232394
0.06187701,0.03530937666895552
0.06193066,0.03523308155947204
0.07590032,0.03517204547188525
0.07593131,0.03511100938429847
0.08194137,0.03500419623102159
0.08199906,0.022491798275730526
0.08787918,0.018402380407415885
0.08791518,0.04687571526665141
0.09694886,0.029266803997863737
0.09703922,0.01416037232013428
0.10197663,0.03810177767605097
0.110991,0.04240482185091936
0.11105514,0.01373311970702678
0.12520742,0.02435339894712749
0.12528324,0.04782177462424658
0.14225936,0.02285801480125124
0.14235997,0.0191958495460441
0.14243627,0.0477607385366598
0.14250708,0.029922941939421684
0.1553967,0.015060654612039369
0.15554333,0.03871213855191882
0.16935015,0.04274052033264668
0.16947937,0.013977264057373923
0.16955733,0.025299458304722668
0.1940825,0.0486305027847715
0.1941793,0.023422598611429007
0.19422531,0.019546807049668116
0.19426966,0.047516594186312655
0.20311427,0.029968719005111773
0.20323133,0.015503166247043565
0.2032814,0.04423590447852293
0.20333791,0.03682001983672847
0.22831321,0.013504234378576334
0.22847795,0.0328374151216907
0.22990346,0.04725719081406882
0.22995806,0.01770046540016785
0.22999573,0.025558861676966506
0.25519419,0.048844129091325246
0.2553196,0.023147936217288473
0.25539708,0.01969939726863508
0.25546718,0.04803540093080034
0.27022505,0.02975509269855802
0.27034664,0.015533684290836958
0.27042246,0.04495307850766766
0.27049232,0.036865796902418556
0.28429294,0.013351644159609368
0.28441119,0.03274586099031052
0.2984612,0.04693675135423819
0.29860663,0.017746242465857938
0.32217693,0.026199740596627757
0.32230234,0.04919508659494926
0.32239032,0.023361562523842222
0.32439613,0.020279240100709545
0.32452178,0.0486152437628748
0.33140278,0.030350194552529183
0.33152699,0.01606775005722133
0.3454833,0.0456244754711223
0.34562469,0.03767452506294346
0.35139823,0.014831769283588921
0.35152054,0.03468375677119097
0.36546779,0.0486152437628748
0.36561203,0.019089036392767225
0.37138104,0.028244449530785077
0.38446379,0.05099565117875944
0.38460612,0.0247348744945449
0.39038825,0.0217441062027924
0.39051294,0.04908827344167239
0.39834976,0.03019760433356222
0.39847183,0.016235599298084994
0.41243076,0.04522774090180819
0.41255331,0.036453803311207754
0.42905903,0.01368734264133669
0.42914915,0.033035782406347754
0.44325709,0.04632639047837034
0.443398,0.016479743648432136
0.44347572,0.026077668421454186
0.44537306,0.049347676813916226
0.4454968,0.023132677195391776
0.46328259,0.020248722056916153
0.46340704,0.048386358434424355
0.46533704,0.02951094834821088
0.4654603,0.01589990081635767
0.47837472,0.0456092164492256
0.47850013,0.03904783703364614
0.49246454,0.019714656290531776
0.49259019,0.048218509193560695
0.5014627,0.05433737697413596
0.50160599,0.03192187380788891
0.50168324,0.047730220492866404
0.52431226,0.049607080186160064
0.5244236,0.010009918364232854
0.52589393,0.010269321736476692
0.52595925,0.036957351033798734
0.53932881,0.0302738994430457
0.53940153,0.009414816510261692
0.53945923,0.03150988021667811
0.56659555,0.04675364309147784
0.56663418,0.01770046540016785
0.56666613,0.026581216144045166
0.56669593,0.04879835202563516
0.5848546,0.02252231631952392
0.58488345,0.020782787823300525
0.58490729,0.04873731593804837
0.58493018,0.02970931563286793
0.58686495,0.016357671473258565
0.5869019,0.04603646906233311
0.60087538,0.0371099412527657
0.60092258,0.014618142977035172
0.61389112,0.03445487144274052
0.6139729,0.047730220492866404
0.61402869,0.018188754100862136
0.62787294,0.027954528114747846
0.62790775,0.050095368886854355
0.62793684,0.023819333180743113
0.62796569,0.022751201647974364
0.64294624,0.05037003128099489
0.64300871,0.03096055542839704
0.6568923,0.018493934538796063
0.65695834,0.047928587777523464
0.66115499,0.03820859082932784
0.66120434,0.016617074845502403
0.68391395,0.04353398947127489
0.68398476,0.04505989166094453
0.68588686,0.017578393224994278
0.68593669,0.03778133821622034
0.70888996,0.050308995193408104
0.70895195,0.02107270923933776
0.71088362,0.031326771953917754
0.71097374,0.05300984206912337
0.7110548,0.02583352407110704
0.72087479,0.024124513618677044
0.72092247,0.05200274662394141
0.73390484,0.032364385442893114
0.7339623,0.01910429541466392
0.7479732,0.047638666361486226
0.74804878,0.03822384985122454
0.75594163,0.015884641794460974
0.75601554,0.042298008697642483
0.76894593,0.04293888761730373
0.76903844,0.014694438086518654
0.77088642,0.027344167238879988
0.77698493,0.048889906157015335
0.77705526,0.022186617837796598
0.80099797,0.021133745326924545
0.8010726,0.04829480430304418
0.80112934,0.028030823224231328
0.80118251,0.015747310597390707
0.81100225,0.0451972228580148
0.81112313,0.03483634699015793
0.8192234,0.013168535896849012
0.81930256,0.03363088426031891
0.83308959,0.04583810177767605
0.83320093,0.01606775005722133
0.8379221,0.026535439078355077
0.85213256,0.048340581368734266
0.85225034,0.021545738918135347
0.87599277,0.020798046845197222
0.87606812,0.04913405050736248
0.87612462,0.0281528953994049
0.87617636,0.016266117341878387
0.90092468,0.04571602960250248
0.90098572,0.03509575036240177
0.90102434,0.013702601663233387
0.90106893,0.03451590753032731
0.90111065,0.0464789806973373
0.9011519,0.016830701152056152
0.90119338,0.02746623941405356
0.91593695,0.048767833981841764
0.91599584,0.02186617837796597
0.92192841,0.02140840772106508
0.92198634,0.04878309300373846
0.94588351,0.028076600289921417
0.94593501,0.016479743648432136
0.94597149,0.045960173952849626
0.94600606,0.03527885862516213
0.95192432,0.013870450904097047
0.95198178,0.03468375677119097
0.97592735,0.04625009536888686
0.97599578,0.01651026169222553
0.97604227,0.02766460669871061
0.97790647,0.048676279850461586
0.97795892,0.021316853589684902
1.00205851,0.021179522392614634
1.00216532,0.048432135500114444
1.00225186,0.0277103837644007
1.00232172,0.01637293049515526
1.00387812,0.04573128862439917
1.00392747,0.03450064850843061
1.01796603,0.013550011444266423
1.01807833,0.03485160601205463
1.03190899,0.046387426565957124
1.03198957,0.016723887998779278
1.03204656,0.02810711833371481
1.04690909,0.0490272373540856
1.04700661,0.021637293049515526
1.06392503,0.021805142290379186
1.06400108,0.04913405050736248
1.06592512,0.028595407034409093
1.06600356,0.01794460975051499
1.07697058,0.04766918440527962
1.07705045,0.03643854428931106
1.09090519,0.015915159838254367
1.09101057,0.04310673685816739
1.09107637,0.04213015945677882
1.09886384,0.01428244449530785
1.09890413,0.028198672465094988
1.1238966,0.04879835202563516
1.1239996,0.021301594567788205
1.1288445,0.021393148699168384
1.12889767,0.048096437018387124
1.13592696,0.02656595712214847
1.135993,0.015594720378423743
1.14188433,0.04512092774853132
1.14194441,0.03372243839169909
1.15588355,0.013015945677882048
1.1559453,0.03447013046463722
1.17885518,0.045349813076981764
1.17891526,0.015793087663080796
1.17895317,0.02775616083009079
1.18086267,0.04794384679942016
1.18090773,0.020660715648126955
1.18686485,0.02294956893263142
1.18691206,0.05349813076981765
1.20088482,0.03466849774929427
1.20094323,0.026764324406805522
1.20690274,0.060990310521095596
1.20695853,0.05062943465323873
1.22087598,0.022735942626077667
1.2209239,0.0366826886396582
1.23424625,0.029312581063553826
1.23433328,0.0037689784084840162
1.25398493,0.020325017166399634
1.26184559,0.0439154650186923
1.26188135,0.018692301823453116
1.2619071,0.02093537804226749
1.26192999,0.04827954528114748
1.28588223,0.026428625925078202
1.28594017,0.015930418860151063
1.28597641,0.0456092164492256
1.28601146,0.03373769741359579
1.28604054,0.013580529488059816
1.30085969,0.03517204547188525
1.30088758,0.045426108186465246
1.30784106,0.015716792553597314
1.307868,0.028549629968719004
1.31898355,0.04890516517891203
1.31906176,0.021560997940032044
1.3289001,0.023041123064011598
1.32895708,0.04998855573357748
1.32899809,0.028503852903028915
1.32903743,0.01872281986724651
1.34289551,0.048386358434424355
1.34305024,0.03631647211413749
1.35210133,0.01651026169222553
1.35217476,0.04489204242008087
1.37621808,0.04374761577782864
1.37635994,0.016830701152056152
1.37643576,0.03942931258106355
1.38325953,0.050553139543755246
1.38340044,0.021057450217441064
1.3924675,0.0341039139391165
1.39256835,0.05407797360189212
1.39844012,0.026535439078355077
1.39858079,0.028259708552681773
1.41236329,0.05479514763103685
1.41248679,0.033539330128938734
1.42635417,0.02357518883039597
1.42647791,0.05317769130998703
1.43937564,0.04043640802624552
1.43949986,0.020538643472953384
1.4395752,0.04797436484321355
1.44120121,0.04626535439078355
1.44132447,0.019165331502250707
1.45516777,0.04084840161745632
1.45529032,0.05035477225909819
1.46989894,0.020447089341573205
1.46994019,0.033203631647211414
1.48432207,0.0524452582589456
1.48444533,0.024200808728160526
1.48833561,0.02589456015869383
1.48845696,0.05224689097428855
1.50233364,0.029221026932173648
1.50245357,0.02050812542915999
1.50252938,0.049652857251850153
1.51101279,0.036530098420691236
1.52534199,0.016784924086366063
1.52547717,0.04499885557335775
1.52552795,0.04293888761730373
1.53792953,0.01641870756084535
1.53796792,0.03906309605554284
1.5518868,0.04866102082856489
1.56625462,0.01892118715190356
1.56639385,0.03247119859616999
1.56647277,0.051483939879453725
1.56654429,0.02357518883039597
1.56661153,0.026047150377660793
1.57890058,0.05255207141222248
1.57893157,0.030014496070801863
1.58836722,0.0208896009765774
1.58850527,0.05053788052185855
1.6121304,0.037369344625009536
1.61227107,0.017547875181200885
1.61235094,0.045914396887159536
1.61241841,0.044007019150072484
1.62712646,0.017212176699473565
1.62728524,0.03997863736934462
1.62736702,0.04916456855115587
1.62745929,0.0191958495460441
1.63532186,0.03308155947203784
1.64339876,0.051804379339284355
1.64352226,0.02371252002746624
1.65716577,0.02618448157473106
1.65728402,0.05261310749980926
1.67108107,0.02963302052338445
1.67120242,0.020920119020370793
1.6843636,0.0503395132372015
1.68451023,0.03677424277103838
1.6859355,0.017746242465857938
1.68598533,0.04582284275577935
1.69520593,0.04281681544213016
1.69529295,0.016830701152056152
1.69832158,0.03981078812848096
1.72327948,0.0481879911497673
1.72340059,0.0183413443198291
1.72536492,0.032562752727550166
1.72543287,0.05149919890135042
1.73809123,0.023422598611429007
1.73815942,0.026199740596627757
1.73819923,0.0524605172808423
1.73823261,0.029266803997863737
1.75326085,0.021438925764858473
1.75340128,0.05130083161669337
1.76225758,0.03767452506294346
1.76238894,0.01838712138551919
1.76732326,0.04676890211337453
1.78101921,0.04422064545662623
1.78110003,0.01799038681620508
1.79522038,0.04081788357366293
1.79534006,0.04895094224460212
1.80038261,0.018097199969481958
1.80050421,0.03247119859616999
1.81340837,0.04975967040512703
1.81352997,0.022613870450904097
1.82003331,0.025177386129549097
1.82011557,0.05058365758754864
1.83367324,0.02691691462577249
1.83385873,0.019043259327077136
1.84039164,0.04852368963149462
1.86292386,0.03430228122377356
1.86294985,0.015716792553597314
1.86297226,0.04443427176317998
1.86299396,0.04057373922331579
1.86301184,0.014526588845654994
1.86303329,0.031525139238574806
1.87792873,0.049805447470817124
1.87795258,0.022064545662623027
1.88384223,0.028503852903028915
1.8839817,0.056824597543297474
1.92189193,0.036194399938963916
1.92192316,0.03375295643549248
1.92194867,0.061158159761959256
1.92392254,0.04721141374837873
1.9261024,0.01863126573586633
1.92620254,0.035660334172579536
1.93229604,0.02865644312199588
1.93242526,0.0057984283207446405
1.93250418,0.02520790417334249
1.94394279,0.04693675135423819
1.95442986,0.019928282597085525
1.95459509,0.02374303807125963
1.95467162,0.049561303120469975
1.96999073,0.02571145189593347
1.97001934,0.01858548867017624
1.9889431,0.04811169604028382
1.99725294,0.03329518577859159
1.9972744,0.014785992217898832
1.99729848,0.03790341039139391
1.99732828,0.04570077058060578
2.02141213,0.01589990081635767
2.02156281,0.031357289997711146
2.02328539,0.04907301441977569
2.02341032,0.020630197604333562
2.02503633,0.024612802319371328
2.02508521,0.05023270008392462
2.05013824,0.02647440299076829
2.05023885,0.01953154802777142
2.05028582,0.048722056916151675
2.05032873,0.03407339589532311
2.05036974,0.01617456321049821
2.06796026,0.04541084916456855
2.06798387,0.0409399557488365
2.06800532,0.01544213015945678
2.07433248,0.039459830624856945
2.07447314,0.04681467917906462
2.08348751,0.017624170290684367
2.08365703,0.033401998931868467
2.09836102,0.05107194628824292
2.09849882,0.02252231631952392
2.11235213,0.0272983901731899
2.12099719,0.05267414358739605
2.12108135,0.028381780727855344
2.12115431,0.02186617837796597
2.12122345,0.05084306095979248
2.1367631,0.034866865033951325
2.1368506,0.016983291371023116
2.13690639,0.045853360799572744
2.13694024,0.04119935912108034
2.15128613,0.01501487754634928
2.15142584,0.03210498207064927
2.17520165,0.04846265354390784
2.17532301,0.019592584115358205
2.17537117,0.024200808728160526
2.17731977,0.04896620126649882
2.17745876,0.02413977264057374
2.19122624,0.017471580071717403
2.19138718,0.04664682993820096
2.19735527,0.030563820859082932
2.19748282,0.013321126115815976
2.21117544,0.03633173113603418
2.21131706,0.042633707179369804
2.21135855,0.013427939269092852
2.23395777,0.02276646066987106
2.23398232,0.04769970244907301
2.24392819,0.023422598611429007
2.24395609,0.01687647821774624
2.24397826,0.045807583733882655
2.24791789,0.030182345311665523
2.24793792,0.013244831006332494
2.25614905,0.03651483939879454
2.25623059,0.04272526131074998
2.2700839,0.013488975356679637
2.27016616,0.022919050888838024
2.29316831,0.048004882887006946
2.29324245,0.023483634699015793
2.30209732,0.01765468833447776
2.30222154,0.04615854123750668
2.31111622,0.030670634012359806
2.31122851,0.013931486991683834
2.31130672,0.03735408560311284
2.32405615,0.04327458609903105
2.3241508,0.01373311970702678
2.32419705,0.023422598611429007
2.32423973,0.048264286259250784
2.33132148,0.02337682154573892
2.33144689,0.017639429312581063
2.34533548,0.04693675135423819
2.34545994,0.03065537499046311
2.35820317,0.013824673838406958
2.35828352,0.03726253147173266
2.3673718,0.04286259250782025
2.36752272,0.01368734264133669
2.36760068,0.023422598611429007
2.38138819,0.04824902723735409
2.38155103,0.02311741817349508
2.38631487,0.01736476691844053
2.3864522,0.046890974288548104
2.40029454,0.030457007705806057
2.40042233,0.013717860685130083
2.42323661,0.037201495384145876
2.42337704,0.042832074464026856
2.42344451,0.013702601663233387
2.42488647,0.02362096589608606
2.4249289,0.04823376821545739
2.42496204,0.02323949034866865
2.42499471,0.017883573662928205
2.43393302,0.04707408255130846
2.44487643,0.030167086289768826
2.44489765,0.01385519188220035
2.45687723,0.037918669413290605
2.45690131,0.04373235675593194
2.47087646,0.01513694972152285
2.47090244,0.025391012436102846
2.48499131,0.04962233920805676
2.48511553,0.024322880903334097
2.48519349,0.019424734874494545
2.4852643,0.04963759822995346
2.50039721,0.0324254215304799
2.50049829,0.015579461356527047
2.50054479,0.04423590447852293
2.51041961,0.03773556115053025
2.51054955,0.012954909590295263
2.5335052,0.031158922713054094
2.53360629,0.04675364309147784
2.53540015,0.017471580071717403
2.53554463,0.02362096589608606
2.54314375,0.048340581368734266
2.54323339,0.022125581750209813
2.55339909,0.017471580071717403
2.55352163,0.04654001678492409
2.56137919,0.029053177691309988
2.56152582,0.01356527046616312
2.57039237,0.037415121690699625
2.58364749,0.04240482185091936
2.5837667,0.013504234378576334
2.5973599,0.02391088731212329
2.59748244,0.04824902723735409
2.59755993,0.02511635004196231
2.59762979,0.02371252002746624
2.61221695,0.05493247882810712
2.61233902,0.04156557564660105
2.62141538,0.032074464026855876
2.62154031,0.05947966735332265
2.63139486,0.04235904478522927
2.63150597,0.006240939955748837
2.64540339,0.02026398107881285
2.6582458,0.036743724727244985
2.65835261,0.010437170977340352
2.65839314,0.014053559166857405
2.65843511,0.041718165865568015
2.6584785,0.03596551461051346
2.66539097,0.012329289692530708
2.6655128,0.0311284046692607
2.67840862,0.04626535439078355
2.67853117,0.016723887998779278
2.68539548,0.024277103837644008
2.68551683,0.047928587777523464
2.70862961,0.02276646066987106
2.70876789,0.018829633020523383
2.71245313,0.04777599755855649
2.72000885,0.029999237048905166
2.7200439,0.015152208743419547
2.73092723,0.03904783703364614
2.73095179,0.04324406805523766
2.73096991,0.014526588845654994
2.73099136,0.025650415808346684
2.7413075,0.04936293583581292
2.74144864,0.023804074158846417
2.75061131,0.020141908903639278
2.75075293,0.0490272373540856
2.77331924,0.031326771953917754
2.77346063,0.01651026169222553
2.77354026,0.0469062333104448
2.78149104,0.038117036697947665
2.78161955,0.014770733196002136
2.79039621,0.034363317311360345
2.79053879,0.049271381704432744
2.79848027,0.020019836728465707
2.79860449,0.02835126268406195
2.81245589,0.05194171053635462
2.81259203,0.02589456015869383
2.82638741,0.022613870450904097
2.82650924,0.051224536507209886
2.83520913,0.03364614328221561
2.8353312,0.018097199969481958
2.83540773,0.0477454795147631
2.84415078,0.03968871595330739
2.84427285,0.015625238422217136
2.85801339,0.0413519493400473
2.85805941,0.04431219958800641
2.86622238,0.01518272678721294
2.86634517,0.026626993209735255
2.88040423,0.04971389333943694
2.88052726,0.023102159151598384
2.89338589,0.01953154802777142
2.89351034,0.048172732127870606
2.89838624,0.029022659647516595
2.89849997,0.014404516670481423
2.89858222,0.0383916990920882
2.91248131,0.041260395208667124
2.91261292,0.01271076523994812
2.92138815,0.024612802319371328
2.9215095,0.04745555809872587
2.94523883,0.021225299458304724
2.94535899,0.01879911497672999
2.94543695,0.04687571526665141
2.94550657,0.028046082246128024
2.95747828,0.013962005035477227
2.95761943,0.03846799420157168
2.96245551,0.04107728694590677
2.96258736,0.012634470130464637
2.97135472,0.024750133516441595
2.97735429,0.047730220492866404
2.97749329,0.021423666742961776
2.99117661,0.01892118715190356
2.99131417,0.0473182269016556
3.00535154,0.028336003662165255
3.00547886,0.014770733196002136
3.01320195,0.03906309605554284
3.01336718,0.04147402151522087
3.01343298,0.013244831006332494
3.02105236,0.02545204852368963
3.02109432,0.048340581368734266
3.0322144,0.021896696421759364
3.03234982,0.019378957808804456
3.03242755,0.047806515602349886
3.05096698,0.028366521705958648
3.05098891,0.01470969710841535
3.06140518,0.03932249942778668
3.06152701,0.04272526131074998
3.08393788,0.013000686655985352
3.08397174,0.02554360265506981
3.09342885,0.04824902723735409
3.09354997,0.02169832913710231
3.0936296,0.019378957808804456
3.09370232,0.04762340733958953
3.10240579,0.028046082246128024
3.10251784,0.015045395590142672
3.10259748,0.03956664377813382
3.12646985,0.04165712977798123
3.12660027,0.012954909590295263
3.13538933,0.02561989776455329
3.13551116,0.04811169604028382
3.14336419,0.021591515983825436
3.14348626,0.019714656290531776
3.15719676,0.04812695506218052
3.15733266,0.028137636377508202
3.15740061,0.015106431677729458
3.15747213,0.03973449301899748
3.15754199,0.04118410009918364
3.15759826,0.013244831006332494
3.16736579,0.02613870450904097
3.18142819,0.04852368963149462
3.18159318,0.021271076523994813
3.19542837,0.0196078431372549
3.19559336,0.04814221408407721
3.20042062,0.02789349202716106
3.20058608,0.015289539940489814
3.20849276,0.04524299992370489
3.20863056,0.03559929808499275
3.20870113,0.013809414816510261
3.22298074,0.0345464255741207
3.22302032,0.047302967879758906
3.22592902,0.01710536354619669
3.24037623,0.027924010070954453
3.2533946,0.05020218204013123
3.25353456,0.023178454261081866
3.27017236,0.021438925764858473
3.27032232,0.04895094224460212
3.27040267,0.028244449530785077
3.27047706,0.015548943312733654
3.27214527,0.04644846265354391
3.27226877,0.0349736781872282
3.28755903,0.012329289692530708
3.28772616,0.03263904783703365
3.30134702,0.044708934157320517
3.30147433,0.015030136568245976
3.30155516,0.019348439765011063
3.30904555,0.0473182269016556
3.32294297,0.026855878538185704
3.322963,0.014572365911345083
3.33205485,0.03955138475623712
3.33211446,0.04080262455176623
3.33214211,0.012130922407873656
3.33217216,0.02545204852368963
3.35648799,0.04791332875562677
3.35663033,0.02247653925383383
3.37037611,0.02468909742885481
3.37049818,0.05505455100328069
3.38352466,0.037872892347600516
3.3836484,0.03234912642099642
3.38372397,0.0609750514991989
3.3924849,0.041840238040741586
3.39261484,0.008117799649042497
3.40597701,0.023270008392462044
3.40605474,0.035156786449988556
3.40609455,0.0081025406271458
3.40613031,0.015121690699626154
3.41393471,0.04303044174868391
3.41399813,0.03385976958876936
3.41403866,0.012329289692530708
3.41585875,0.03305104142824445
3.4158895,0.04452582589456016
3.42884469,0.014847028305485618
3.42886996,0.020035095750362403
3.44392705,0.04786755168993668
3.45684552,0.02673380636301213
3.45686889,0.015121690699626154
3.45689273,0.04017700465400168
3.45691562,0.04081788357366293
3.46687603,0.013214312962539101
3.46690249,0.0272983901731899
3.47531843,0.04827954528114748
3.47536063,0.0208896009765774
3.48729491,0.02157625696192874
3.48741484,0.04873731593804837
3.51119781,0.027954528114747846
3.51132083,0.016693369954985885
3.51140118,0.046509498741130695
3.51147199,0.035248340581368734
3.51152873,0.014129854276340887
3.5211482,0.035416189822232394
3.52126884,0.04708934157320516
3.53634357,0.017380025940337225
3.53646755,0.029068436713206684
3.5403471,0.05046158541237507
3.54047012,0.023132677195391776
3.5633285,0.023682001983672846
3.56346774,0.05145342183566033
3.56547141,0.03019760433356222
3.56562543,0.01907377737087053
3.56570101,0.048767833981841764
3.57844543,0.03744563973449302
3.57858562,0.0162050812542916
3.58731651,0.0439002059967956
3.58744049,0.04336614023041123
3.60121059,0.01582360570687419
3.60135174,0.037033646143282216
3.61913967,0.04777599755855649
3.61926413,0.017288471808957047
3.63237882,0.029098954757000077
3.63250113,0.04913405050736248
3.6325767,0.02102693217364767
3.63264656,0.021667811093308918
3.63434219,0.04852368963149462
3.6469028,0.026337071793698024
3.64694428,0.01556420233463035
3.65290475,0.04507515068284123
3.66731024,0.03302052338445106
3.66745377,0.012252994583047227
3.66753316,0.033951323720149536
3.69084144,0.04419012741283284
3.690871,0.014084077210650798
3.69089317,0.019974059662775615
3.69091511,0.046967269398031586
3.6929245,0.025513084611276417
3.69301152,0.015320057984283207
3.70228386,0.04505989166094453
3.71137309,0.03274586099031052
3.71148348,0.012085145342183566
3.72502232,0.03401235980773632
3.72511268,0.044510566872663464
3.74114799,0.014557106889448387
3.74125409,0.0208896009765774
3.74130082,0.04812695506218052
3.74134302,0.02594033722438392
3.75636578,0.015808346684977492
3.75650716,0.04556343938353551
3.76230502,0.03309681849393454
3.76241779,0.013031204699778745
3.76823354,0.03504997329671168
3.77732635,0.044846265354390784
3.77743983,0.014923323414969101
3.8013134,0.021484702830548562
3.80147386,0.04844739452201114
3.81513047,0.026169222552834364
3.81529355,0.016189822232394905
3.81534719,0.04570077058060578
3.81539202,0.03317311360341802
3.8282311,0.013015945677882048
3.82836747,0.03533989471274891
3.84222412,0.04507515068284123
3.8423512,0.014999618524452583
3.84242821,0.021560997940032044
3.84250307,0.04847791256580453
3.85395169,0.02606240939955749
3.85399604,0.016662851911192492
3.86488581,0.046128023193713286
3.8649137,0.0328374151216907
3.87789154,0.013351644159609368
3.8779161,0.03617914091706722
3.88306808,0.0452124818799115
3.8831408,0.015152208743419547
3.89243221,0.022232394903486687
3.89257216,0.04892042420080873
3.89836526,0.02597085526817731
3.89848661,0.016601815823605707
3.89856243,0.04632639047837034
3.91244984,0.033325703822384985
3.9127059,0.013580529488059816
3.92639756,0.0362554360265507
3.9265182,0.04507515068284123
3.93842936,0.015152208743419547
3.93857241,0.022629129472800793
3.95225096,0.04911879148546578
3.95239234,0.02583352407110704
3.95246887,0.016998550392919812
3.95253181,0.04661631189440757
3.96214676,0.03335622186617838
3.96221018,0.013885709925993743
3.96741772,0.03649958037689784
3.98133898,0.045471885252155335
3.98146391,0.015747310597390707
4.00519276,0.030304417486839094
4.00532126,0.04957656214236667
4.0053997,0.021210040436408027
4.00546956,0.02392614633401999
4.00736117,0.05085831998168917
4.00748372,0.02798504615854124
4.02106881,0.01948577096208133
4.02114844,0.04950026703288319
4.03015637,0.03437857633325704
4.03026795,0.01470969710841535
4.03034592,0.03700312809948882
4.05542707,0.04550240329594873
4.05557156,0.015411612115663387
4.06841993,0.029480430304417486
4.06856227,0.04811169604028382
4.06864047,0.018951705195696954
4.06870914,0.021881437399862667
4.09242272,0.04829480430304418
4.09256554,0.02528419928282597
4.10140061,0.017135881589990083
4.10154271,0.046677347981994355
4.10162163,0.032227054245822846
4.10168099,0.013504234378576334
4.11510158,0.0366826886396582
4.11521006,0.04457160296025025
4.11524415,0.014923323414969101
4.11528182,0.024292362859540704
4.13389778,0.053727016098268104
4.14293814,0.032730601968413826
4.14302039,0.027573052567330433
4.14897847,0.06109712367437247
4.14903235,0.05070572976272221
4.15088034,0.025436789501792935
4.15093875,0.04023804074158847
4.16513228,0.028595407034409093
4.16526055,0.0032043945983062485
4.16534114,0.02230869001297017
4.19019985,0.04341191729610132
4.19036603,0.01739528496223392
4.19044518,0.022903791866941327
4.19052744,0.048767833981841764
4.20520091,0.024826428625925077
4.20536661,0.017425803006027314
4.20544505,0.04687571526665141
4.20551491,0.032120241092545965
4.22041249,0.014068818188754101
4.22057247,0.03759822995345998
4.22064924,0.0447699702449073
4.23293638,0.01496910048065919
4.23298955,0.02357518883039597
4.23302484,0.04936293583581292
4.26290178,0.02594033722438392
4.26292825,0.018570229648279545
4.26295114,0.04815747310597391
4.26297331,0.03308155947203784
4.26299143,0.015030136568245976
4.26301312,0.03826962691691463
4.27847123,0.045685511558709084
4.2786119,0.01599145494773785
4.28747892,0.03204394598306248
4.28762031,0.05012588693064775
4.31124902,0.020965896086060882
4.31134844,0.02545204852368963
4.31138587,0.051392385748073546
4.31797004,0.0272983901731899
4.33251739,0.020874341954680704
4.33268023,0.05053788052185855
4.33275986,0.03527885862516213
4.3411417,0.01782253757534142
4.34119821,0.04724193179217212
4.34124374,0.042221713588159
4.34128571,0.016723887998779278
4.35646629,0.04144350347142748
4.35660839,0.04835584039063096
4.3710351,0.018402380407415885
4.37108135,0.03425650415808347
4.39338303,0.05096513313496605
4.39354753,0.021545738918135347
4.40736723,0.026413366903181506
4.40753365,0.05133134966048676
4.40761113,0.02639810788128481
4.40768099,0.01924162661173419
4.42118382,0.04831006332494087
4.42134809,0.032562752727550166
4.42141581,0.014892805371175709
4.42148733,0.03810177767605097
4.42155814,0.04426642252231632
4.43302345,0.014221408407721065
4.43305969,0.023651483939879453
4.44384718,0.04890516517891203
4.45284128,0.024170290684367133
4.45286632,0.017853055619134812
4.46687627,0.04721141374837873
4.4669013,0.03100633249408713
4.46692228,0.013977264057373923
4.46694541,0.03759822995345998
4.47709274,0.04379339284351873
4.47718143,0.014023041123064012
4.48635101,0.02371252002746624
4.4864881,0.04898146028839551
4.5101881,0.02426184481574731
4.51035428,0.018432898451209278
4.51043534,0.047684443427176315
4.52522707,0.03126573586633097
4.52533722,0.014694438086518654
4.52541471,0.038666361486228734
4.52548432,0.04415960936903945
4.53137922,0.014465552758068208
4.53150368,0.024551766231784542
4.55028439,0.04963759822995346
4.55042648,0.024551766231784542
4.55050278,0.019180590524147403
4.55057502,0.04856946669718471
4.5812695,0.03192187380788891
4.58138537,0.015152208743419547
4.58149147,0.03871213855191882
4.58156538,0.044342717631799804
4.58162308,0.015106431677729458
4.58331347,0.025070572976272222
4.5834527,0.04969863431754024
4.59713531,0.0243076218814374
4.59727311,0.019333180743114367
4.61138058,0.04870679789425498
4.61150575,0.03167772945754177
4.62537503,0.01544213015945678
4.62549829,0.045136186770428015
4.63837981,0.038788433661402305
4.6385138,0.01373311970702678
4.63859034,0.03234912642099642
4.64030337,0.048340581368734266
4.64046526,0.01855497062638285
4.65432572,0.025528343633173113
4.65446329,0.0503242542153048
4.66737652,0.02464332036316472
4.66750216,0.019592584115358205
4.67325568,0.04892042420080873
4.67337966,0.031570916304264895
4.69726467,0.015793087663080796
4.6974082,0.04548714427405203
4.6974864,0.038498512245365074
4.69754934,0.013763637750820172
4.69761848,0.03259327077134356
4.71241426,0.04846265354390784
4.71257782,0.018875410086213473
4.72139525,0.02578774700541695
4.72152138,0.05017166399633784
4.73045659,0.024612802319371328
4.73060012,0.019958800640878918
4.75340796,0.049011978332188906
4.75357294,0.031570916304264895
4.75364995,0.015869382772564278
4.75372052,0.045426108186465246
4.76525497,0.03851377126726177
4.76536632,0.014145113298237583
4.76544404,0.03341725795376516
4.78042293,0.048508430609597926
4.78058624,0.018997482261387044
4.78845096,0.026764324406805522
4.78860092,0.0511635004196231
4.81223035,0.02542153047989624
4.81239629,0.021133745326924545
4.81247425,0.04931715877012283
4.81254554,0.032394903486686506
4.82749343,0.018524452582589456
4.82765722,0.04803540093080034
4.83344007,0.039414053559166856
4.83356929,0.015045395590142672
4.83364844,0.03398184176394293
4.84542799,0.04898146028839551
4.84556818,0.018646524757763027
4.85855627,0.026214999618524453
4.85872006,0.05020218204013123
4.85883617,0.023682001983672846
4.88223934,0.019562066071564813
4.89034152,0.048264286259250784
4.89048147,0.0298619058518349
4.89054751,0.015091172655832761
4.89061952,0.039581902800030516
4.89068699,0.04315251392385748
4.91547966,0.014221408407721065
4.91561961,0.025848783093003737
4.91569829,0.04969863431754024
4.9210465,0.023193713282978562
4.93533921,0.019958800640878918
4.93547821,0.051438162813763635
4.93555522,0.03593499656672007
4.93562675,0.02349889372091249
4.93569493,0.05783169298847944
4.94999838,0.05487144274052033
4.95003676,0.03150988021667811
4.9500668,0.04592965590905623
4.96517301,0.03639276722362097
4.96529937,0.00332646677347982
4.96537709,0.016479743648432136
4.96545029,0.04324406805523766
4.97996378,0.019928282597085525
5.00347447,0.01907377737087053
5.00364161,0.04885938811322194
5.00371933,0.02954146639200427
5.00487018,0.014892805371175709
5.00492597,0.03982604715037766
5.0090034,0.04267948424505989
5.00903416,0.013763637750820172
5.01819968,0.026153963530937668
5.01832223,0.0494544899671931
5.0274694,0.023102159151598384
5.02760983,0.020523384451056687
5.0334816,0.04924086366063935
5.05729914,0.03015182726787213
5.05743957,0.01617456321049821
5.05751634,0.046463721675440606
5.05758357,0.03772030212863355
5.06742787,0.014190890363927672
5.06756997,0.03459220263981079
5.07645488,0.04837109941252766
5.0765965,0.01850919356069276
5.08442807,0.028000305180437935
5.08456898,0.05078202487220569
5.09845328,0.02423132677195392
5.09859729,0.02221713588158999
5.10743976,0.050553139543755246
5.12141395,0.03179980163271534
5.12153578,0.01829556725413901
5.12903309,0.048432135500114444
5.12907982,0.0392309452964065
5.13099551,0.016311894407568476
5.13103914,0.043427176317998015
5.1451304,0.04579232471198596
5.14521885,0.0174868390936141
5.15119362,0.037537193865873196
5.1512754,0.05065995269703212
5.17542768,0.02034027618829633
5.17557025,0.030014496070801863
5.17564678,0.052689402609292744
5.17913938,0.025070572976272222
5.1791985,0.022613870450904097
5.18820834,0.05085831998168917
5.1882689,0.030731670099946592
5.20692635,0.017135881589990083
5.20702696,0.04666208896009766
5.20705009,0.03675898374914168
5.20707035,0.013702601663233387
5.22228742,0.03421072709239338
5.22240877,0.04644846265354391
5.23648167,0.01629663538567178
5.23662424,0.026382848859388113
5.23670173,0.048554207675288015
5.24405408,0.021164263370717938
5.24410152,0.019790951400015258
5.25297761,0.047730220492866404
5.25300241,0.027862973983367668
5.26744175,0.01501487754634928
5.2675643,0.03981078812848096
5.27621126,0.041260395208667124
5.27630568,0.012848096437018387
5.30028701,0.02623025864042115
5.30042863,0.048599984740978104
5.30050659,0.02140840772106508
5.3005774,0.02012664988174258
5.30064726,0.048340581368734266
5.31550789,0.02763408865491722
5.31564903,0.015320057984283207
5.32056451,0.04570077058060578
5.32068849,0.03552300297550927
5.33356166,0.013214312962539101
5.33368635,0.03402761882963302
5.34754682,0.046509498741130695
5.34768605,0.016525520714122225
5.35654163,0.027283131151293202
5.3566823,0.049103532463569084
5.36528778,0.021515220874341955
5.36543107,0.021179522392614634
5.36550879,0.049271381704432744
5.38057423,0.028244449530785077
5.38071585,0.016052491035324634
5.3860395,0.04620431830319677
5.38608289,0.03521782253757534
5.40892434,0.01330586709391928
5.40895963,0.034607461661707486
5.41092539,0.04658579385061418
5.41095257,0.016449225604638743
5.41912866,0.02746623941405356
5.41917658,0.04879835202563516
5.42810583,0.021210040436408027
5.42815351,0.020752269779507133
5.43305135,0.0490424963759823
5.44703531,0.027924010070954453
5.44708681,0.016006713969634545
5.4610424,0.04599069199664302
5.4610939,0.03504997329671168
5.47520065,0.013397421225299458
5.47532272,0.034821087968261236
5.47540188,0.0464789806973373
5.47544742,0.016235599298084994
5.48538709,0.02758831158922713
5.48550892,0.0486305027847715
5.49825835,0.021042191195544367
5.49834895,0.02136263065537499
5.50048018,0.049225604638742655
5.52623034,0.027649347676813915
5.52635074,0.016357671473258565
5.52642727,0.046387426565957124
5.52649212,0.03489738307774472
5.5359745,0.01351949340047303
5.53602719,0.035034714274814985
5.54240775,0.04641794460975052
5.54255557,0.01602197299153124
5.55643988,0.028076600289921417
5.5565989,0.04962233920805676
5.56541324,0.02169832913710231
5.56553698,0.02247653925383383
5.57332754,0.05049210345616846
5.5924952,0.0290074006256199
5.59263659,0.017593652246890974
5.60699511,0.04812695506218052
5.60703969,0.03646906233310445
5.60707569,0.015793087663080796
5.60710835,0.0439459830624857
5.63019013,0.04267948424505989
5.63031363,0.01441977569237812
5.63039064,0.028824292362859542
5.63046145,0.04936293583581292
5.63239026,0.021484702830548562
5.63251138,0.021591515983825436
5.63258886,0.0490424963759823
5.65618587,0.02713054093232624
5.65633726,0.015930418860151063
5.65641356,0.04611276417181659
5.6564846,0.03390554665445945
5.66700673,0.013107499809262227
5.66704941,0.03509575036240177
5.67537451,0.04583810177767605
5.67549562,0.01582360570687419
5.68536544,0.028595407034409093
5.68548799,0.048767833981841764
5.69844532,0.020447089341573205
5.69858813,0.022980086976424813
5.70433855,0.05317769130998703
5.7272253,0.03413443198290989
5.72734714,0.026077668421454186
5.72742391,0.06085297932402533
5.72749376,0.052429999237048906
5.7290194,0.027054245822842757
5.72905993,0.041046768902113374
5.7429862,0.0307011520561532
5.74301791,0.00332646677347982
5.74892592,0.020813305867093918
5.74895334,0.04426642252231632
5.76342058,0.01838712138551919
5.76354003,0.02124055848020142
5.77744627,0.04919508659494926
5.78654242,0.02656595712214847
5.78663158,0.016495002670328832
5.79400492,0.046845197222858015
5.7940464,0.033997100785839625
5.79843998,0.013977264057373923
5.7985642,0.036408026245517665
5.80849171,0.046173800259403375
5.80861425,0.01606775005722133
5.83039045,0.02951094834821088
5.83051229,0.04950026703288319
5.83550096,0.021332112611581598
5.83562374,0.02323949034866865
5.84341311,0.050385290302891586
5.84533858,0.027725642786297397
5.84546089,0.01786831464103151
5.85850143,0.04795910582131686
5.85862422,0.03526359960326543
5.8635695,0.015411612115663387
5.86369038,0.0439002059967956
5.87756228,0.04205386434729534
5.87770319,0.015259021896696421
5.8915844,0.038452735179674985
5.89172673,0.048203250171664
5.90561485,0.018234531166552225
5.90575767,0.03184557869840543
5.90586996,0.051651789120317385
5.9114964,0.02337682154573892
5.91163611,0.025696192874036773
5.92526054,0.05278095674067292
5.92540193,0.03022812237735561
5.93202209,0.020691233691920347
5.93205953,0.051148241397726404
5.95393467,0.03706416418707561
5.95396447,0.017120622568093387
5.95613909,0.045853360799572744
5.95616364,0.043167772945754176
5.96392989,0.01599145494773785
5.96395421,0.0388189517051957
5.98013473,0.04742504005493248
5.98027396,0.016815442130159456
5.98643231,0.030518043793392843
5.9865725,0.049347676813916226
6.03619909,0.020309758144502938
6.03636479,0.023010605020218206
6.03644395,0.049271381704432744
6.03649783,0.025604638742656595
6.03654051,0.016449225604638743
6.03658271,0.04643320363164721
6.04342794,0.03225757228961624
6.04355764,0.01297016861219196
6.04363632,0.0358129243915465
6.05032206,0.04495307850766766
6.05045152,0.014236667429617761
6.05053115,0.021759365224689096
6.05618834,0.04824902723735409
6.05622792,0.024780651560234988
6.06400108,0.016403448538948654
6.06403565,0.046295872434576946
6.07792449,0.032364385442893114
6.07794356,0.01326009002822919
6.09241533,0.036408026245517665
6.09255552,0.04512092774853132
6.10120869,0.014358739604791332
6.10135031,0.022186617837796598
6.1014266,0.04898146028839551
6.11143112,0.025528343633173113
6.11157513,0.01710536354619669
6.1230886,0.046845197222858015
6.12312531,0.032562752727550166
6.13692498,0.013763637750820172
6.13694835,0.036621652552071414
6.15223169,0.045014114595254444
6.15231037,0.014938582436865798
6.15920925,0.02316319523918517
6.15928435,0.04930189974822614
6.16612363,0.025177386129549097
6.16622639,0.017242694743266958
6.17237878,0.04716563668268864
6.17739034,0.03225757228961624
6.17750216,0.013641565575646601
6.18640471,0.036911573968108645
6.18652654,0.044922560463874266
6.21023655,0.014801251239795529
6.21040106,0.02328526741435874
6.21048021,0.04953078507667658
6.21055198,0.02511635004196231
6.22040582,0.016983291371023116
6.22054982,0.04719615472648203
6.22063017,0.03228809033340963
6.23305631,0.013504234378576334
6.23309827,0.036743724727244985
6.24842429,0.04487678339818418
6.24857998,0.014724956130312047
6.24865913,0.023422598611429007
6.26228118,0.04916456855115587
6.26242185,0.024719615472648202
6.27622318,0.017456321049820707
6.276366,0.04750133516441596
6.27644563,0.03205920500495918
6.27650642,0.01394674601358053
6.28620148,0.03765926604104677
6.28629136,0.04493781948577096
6.30023694,0.014740215152208743
6.30035424,0.02357518883039597
6.30040264,0.050049591821164266
6.31548429,0.02610818646524758
6.31562567,0.01924162661173419
6.33841276,0.04928664072632944
6.33855391,0.033401998931868467
6.33993578,0.01594567788204776
6.33998394,0.04550240329594873
6.3400209,0.04040588998245213
6.34004974,0.013885709925993743
6.35539746,0.03125047684443427
6.35553813,0.04907301441977569
6.36340547,0.01901274128328374
6.36354995,0.02357518883039597
6.37744522,0.049347676813916226
6.3914628,0.02413977264057374
6.39160228,0.017029068436713205
6.39911938,0.04724193179217212
6.39915657,0.03108262760357061
6.39919257,0.013397421225299458
6.39923167,0.03723201342793927
6.40749717,0.0439002059967956
6.40760899,0.013977264057373923
6.42162967,0.023254749370565347
6.42176938,0.048844129091325246
6.43546081,0.024078736552986955
6.43560767,0.01770046540016785
6.4483757,0.049271381704432744
6.46239543,0.03633173113603418
6.46251869,0.02136263065537499
6.46259522,0.053894865339131764
6.4626658,0.05493247882810712
6.47142982,0.03044174868390936
6.47156835,0.045960173952849626
6.48037982,0.03987182421606775
6.48049188,0.003616388189517052
6.48055792,0.012848096437018387
6.48804331,0.039841306172274354
6.48814201,0.026001373311970704
6.5119431,0.01164263370717937
6.51196957,0.03698786907759213
6.5264132,0.043640802624551764
6.52657247,0.013763637750820172
6.53533006,0.023559929808499275
6.5354774,0.048889906157015335
6.54842424,0.023727779049362935
6.54859328,0.01782253757534142
6.54867268,0.048004882887006946
6.54874349,0.03134203097581445
6.54882908,0.014526588845654994
6.55023837,0.038574807354848556
6.55033016,0.04440375371938659
6.5729568,0.014694438086518654
6.57298088,0.0247348744945449
6.57300329,0.049973296711680784
6.57537413,0.02481116960402838
6.57549596,0.018951705195696954
6.58785105,0.0490272373540856
6.58788729,0.03225757228961624
6.59685206,0.0153505760280766
6.59687734,0.0456244754711223
6.60736156,0.03952086671244373
6.60749483,0.014450293736171512
6.63109589,0.032990005340657665
6.63121915,0.04995803768978409
6.63129473,0.020279240100709545
6.63136435,0.026855878538185704
6.63143229,0.05200274662394141
6.64611745,0.026794842450598915
6.64620876,0.021759365224689096
6.65531635,0.05146868085755703
6.65543866,0.034317540245670256
6.66427922,0.017883573662928205
6.66440034,0.04754711223010605
6.6871779,0.04113832303349355
6.68731856,0.015808346684977492
6.68739605,0.041840238040741586
6.68746638,0.047058823529411764
6.7021575,0.016662851911192492
6.70229816,0.0328526741435874
6.70237708,0.04994277866788739
6.71293473,0.019256885633630885
6.72324395,0.02542153047989624
6.7234087,0.05011062790875105
6.73733974,0.02406347753109026
6.73747778,0.018768596932936598
6.75034785,0.04814221408407721
6.75048566,0.03010605020218204
6.76331925,0.013916227969787138
6.76348495,0.03805600061036087
6.76356578,0.04290836957351034
6.76362658,0.01297016861219196
6.76369524,0.023682001983672846
6.76376343,0.0481879911497673
6.77847886,0.02243076218814374
6.77861953,0.01765468833447776
6.78900981,0.04750133516441596
6.78904748,0.029495689326314183
6.81092286,0.013488975356679637
6.8109479,0.037872892347600516
6.81291747,0.04255741206988632
6.81294775,0.013321126115815976
6.81297517,0.02423132677195392
6.81299901,0.04873731593804837
6.82923651,0.02294956893263142
6.82935834,0.018829633020523383
6.82943678,0.04846265354390784
6.84343195,0.030090791180285344
6.84356308,0.014511329823758298
6.86742473,0.03894102388036927
6.86756945,0.043305104142824444
6.88138413,0.014053559166857405
6.88154936,0.025406271457999542
6.89043236,0.0494697489890898
6.89055967,0.023102159151598384
6.90342784,0.01907377737087053
6.90359306,0.04879835202563516
6.90367055,0.030212863355458915
6.90373039,0.014831769283588921
6.91619325,0.039169909208819714
6.91635394,0.04341191729610132
6.91639829,0.014007782101167316
6.91644025,0.025238422217135882
6.9409337,0.04957656214236667
6.94095731,0.023010605020218206
6.94097948,0.01943999389639124
6.94850659,0.04896620126649882
6.94867015,0.030167086289768826
6.94874001,0.015030136568245976
6.96187639,0.03959716182192721
6.96190763,0.043549248493171586
6.9619267,0.014175631342030976
6.96194959,0.02578774700541695
6.961972,0.05001907377737087
6.97745538,0.023422598611429007
6.97759795,0.019806210421911954
6.99110079,0.04950026703288319
6.99113798,0.03125047684443427
7.00535369,0.016723887998779278
7.00547552,0.046845197222858015
7.01534367,0.038666361486228734
7.01545477,0.01458762493324178
7.01553226,0.034988937209124896
7.01560402,0.05023270008392462
7.02931404,0.019562066071564813
7.0294373,0.027695124742504004
7.03333187,0.0507362478065156
7.04746914,0.02374303807125963
7.04760981,0.020080872816052493
7.06504273,0.04925612268253605
7.06512046,0.029999237048905166
7.07312465,0.015030136568245976
7.07322454,0.039673456931410694
7.07327247,0.04261844815747311
7.07330871,0.013550011444266423
7.08845639,0.02571145189593347
7.08859944,0.04928664072632944
7.09538889,0.022400244144350347
7.09551287,0.019501029983978027
7.11128592,0.04875257495994507
7.11142921,0.02937361715114061
7.11149406,0.01501487754634928
7.12605762,0.04022278171969177
7.1261375,0.04406805523765927
7.1261847,0.017807278553444723
7.12622762,0.04017700465400168
7.14138746,0.056900892652780956
7.14151573,0.03210498207064927
7.15507102,0.0451972228580148
7.15518761,0.06060883497367819
7.16318941,0.023590447852292667
7.1632545,0.011596856641489281
7.1774447,0.035156786449988556
7.19120884,0.028076600289921417
7.19132257,0.007797360189211872
7.191401,0.030640115968566414
7.19147182,0.0469062333104448
7.2013402,0.017090104524299994
7.20147872,0.02623025864042115
7.20741081,0.0494697489890898
7.20757413,0.022796978713664453
7.2223804,0.02009613183794919
7.22250414,0.04896620126649882
7.23606515,0.02954146639200427
7.23617482,0.01612878614480812
7.24209499,0.04657053482871748
7.25636911,0.037247272449835965
7.2564795,0.013748378728923476
7.26233172,0.03437857633325704
7.26247096,0.048203250171664
7.26935077,0.018142977035172047
7.26949048,0.02775616083009079
7.27537155,0.05087357900358587
7.27549481,0.02392614633401999
7.28842425,0.02145418478675517
7.28856659,0.05067521171892882
7.312325,0.031021591515983826
7.31246614,0.017547875181200885
7.31436229,0.048004882887006946
7.33237243,0.038574807354848556
7.33249664,0.015747310597390707
7.33257437,0.043549248493171586
7.33264446,0.04554818036163882
7.34638357,0.01667811093308919
7.34650493,0.03756771190966659
7.34658003,0.05108720531013962
7.34664893,0.02055390249485008
7.36052942,0.03083848325322347
7.36067009,0.053727016098268104
7.37346888,0.026260776684214542
7.37361789,0.024109254596780347
7.37369847,0.052307927061875335
7.39729738,0.03228809033340963
7.39743924,0.018936446173800258
7.39751577,0.04907301441977569
7.39758515,0.03859006637674525
7.39764285,0.014984359502555887
7.39771008,0.0357976653696498
7.41249442,0.048599984740978104
7.41263747,0.017669947356374456
7.42654395,0.02766460669871061
7.42668891,0.0494544899671931
7.43555593,0.02191195544365606
7.43568015,0.02043183031967651
7.43575788,0.04907301441977569
7.44854546,0.02806134126802472
7.44867706,0.015030136568245976
7.45343637,0.04077210650797284
7.45356035,0.04147402151522087
7.4536283,0.012787060349431601
7.46689487,0.026489662012664988
7.49109125,0.048844129091325246
7.49123025,0.02119478141451133
7.49130988,0.020233463035019456
7.49137998,0.048844129091325246
7.49325776,0.02775616083009079
7.49339819,0.015259021896696421
7.50211859,0.045685511558709084
7.52119136,0.0358129243915465
7.52132297,0.01287861448081178
7.52140093,0.034271763179980166
7.52147102,0.047013046463721675
7.54615331,0.016479743648432136
7.54631686,0.02737468528267338
7.5463953,0.049561303120469975
7.54647088,0.021896696421759364
7.54654121,0.02093537804226749
7.55400467,0.04908827344167239
7.56613517,0.02810711833371481
7.56629896,0.015869382772564278
7.56637478,0.04643320363164721
7.58137226,0.0357976653696498
7.58150649,0.013290608072022583
7.59132266,0.0345616845960174
7.59149027,0.046799420157167926
7.61514997,0.01641870756084535
7.61531377,0.027740901808194093
7.61539364,0.04940871290150301
7.61546087,0.021179522392614634
7.61737943,0.020752269779507133
7.6175456,0.05023270008392462
7.6299715,0.02810711833371481
7.63006353,0.015716792553597314
7.63011074,0.046295872434576946
7.65512371,0.035248340581368734
7.65523601,0.01330586709391928
7.65531206,0.034821087968261236
7.65538502,0.04693675135423819
7.66529489,0.016159304188601512
7.66544437,0.02775616083009079
7.67534471,0.04950026703288319
7.67548275,0.021149004348821242
7.68342304,0.021133745326924545
7.68358803,0.0494697489890898
7.70842028,0.028137636377508202
7.70858431,0.01715114061188678
7.71043706,0.04785229266803998
7.72337174,0.03651483939879454
7.72350359,0.014694438086518654
7.72532725,0.03639276722362097
7.72545075,0.048599984740978104
7.73341179,0.018402380407415885
7.73355627,0.02981612878614481
7.74242759,0.05078202487220569
7.74256968,0.021805142290379186
7.75134873,0.021774624246585793
7.75147247,0.04963759822995346
7.77523351,0.027435721370260166
7.77539706,0.0166323338673991
7.7754755,0.04632639047837034
7.82623219,0.0341039139391165
7.82649422,0.01249713893339437
7.82657504,0.034317540245670256
7.82664967,0.04548714427405203
7.82670856,0.015091172655832761
7.826828,0.020645456626230258
7.8268981,0.04873731593804837
7.8269558,0.026855878538185704
7.83010459,0.01589990081635767
7.83024359,0.046387426565957124
7.8351469,0.034485389486533916
7.83527374,0.01411459525444419
7.83535361,0.03822384985122454
7.83542418,0.05195696955825132
7.85394597,0.023727779049362935
7.86334658,0.04119935912108034
7.86350751,0.06109712367437247
7.86541796,0.03756771190966659
7.86555743,0.026199740596627757
7.87310648,0.0413519493400473
7.87319851,0.015930418860151063
7.87323904,0.007568474860761425
7.88745928,0.03564507515068284
7.88760042,0.03817807278553445
7.89627147,0.012024109254596781
7.89635372,0.027908751049057757
7.91040397,0.04866102082856489
7.92346573,0.01991302357518883
7.92360806,0.020904859998474096
7.92509651,0.049011978332188906
7.92513204,0.026886396581979097
7.93306208,0.0162050812542916
7.9330976,0.047013046463721675
7.93958902,0.03471427481498436
7.93961191,0.013672083619439994
7.95352244,0.03610284580758373
7.95366716,0.04632639047837034
7.96727943,0.015976195925841152
7.96741986,0.029221026932173648
7.97653961,0.049912260624094
7.98856926,0.021316853589684902
7.98871326,0.022659647516594186
8.00226998,0.05053788052185855
8.00241351,0.02810711833371481
8.00249004,0.017746242465857938
8.00256038,0.048386358434424355
8.0083859,0.036621652552071414
8.00850892,0.015381094071869994
8.02250934,0.04431219958800641
8.02263021,0.04290836957351034
8.03748131,0.015503166247043565
8.03762341,0.03868162050812543
8.03770185,0.0486305027847715
8.0460372,0.01821927214465553
8.04607964,0.031830319676508734
8.0559001,0.052399481193255514
8.05592465,0.0234531166552224
8.06290007,0.0251621271076524
8.06292415,0.05253681239032578
8.07689452,0.029953459983215077
8.07691932,0.01974517433432517
8.09089589,0.049927519645990695
8.09091997,0.0362554360265507
8.1138978,0.015320057984283207
8.11392164,0.04399176012817579
8.11595201,0.04164187075608453
8.11599541,0.014007782101167316
8.1160357,0.029846646829938202
8.11788106,0.04933241779201953
8.1423862,0.0196078431372549
8.14255166,0.021728847180895704
8.14731693,0.048722056916151675
8.14745545,0.025513084611276417
8.15596461,0.015793087663080796
8.15603971,0.04589913786526284
8.15607905,0.03233386739909972
8.15611696,0.012176699473563745
8.15615249,0.03504997329671168
8.17092752,0.04448004882887007
8.1759665,0.013794155794613565
8.17601538,0.020798046845197222
8.20036602,0.04831006332494087
8.20048761,0.02511635004196231
8.20536304,0.015747310597390707
8.20548344,0.046219577325093464
8.21135902,0.03208972304875257
8.21146989,0.012466620889600977
8.22038436,0.03561455710688945
8.22050714,0.04487678339818418
8.23334122,0.014373998626688029
8.23346663,0.021637293049515526
8.2363081,0.04895094224460212
8.24534678,0.025650415808346684
8.24547291,0.016556038757915618
8.26847887,0.04681467917906462
8.26862144,0.03274586099031052
8.27029014,0.013122758831158923
8.27042913,0.03614862287327383
8.2740469,0.04510566872663462
8.27413774,0.014602883955138476
8.28734732,0.022278171969176776
8.28748703,0.04899671931029221
8.29635406,0.025391012436102846
8.29649234,0.016449225604638743
8.30135489,0.04707408255130846
8.32416248,0.032776379034103915
8.32425666,0.013382162203402761
8.32430363,0.036575875486381325
8.32602119,0.04512092774853132
8.32606626,0.014404516670481423
8.3319912,0.021942473487449453
8.33202767,0.04881361104753185
8.35592484,0.025238422217135882
8.35594869,0.016693369954985885
8.35597062,0.047180895704585335
8.35599232,0.03250171663996338
8.35792875,0.013488975356679637
8.35795498,0.03671320668345159
8.39031482,0.04516670481422141
8.39044452,0.01454184786755169
8.39052153,0.02252231631952392
8.39247346,0.04959182116426337
8.39261627,0.02545204852368963
8.39850378,0.01719691767757687
8.39864397,0.04750133516441596
8.40743065,0.033157854581521325
8.40754461,0.014496070801861601
8.42138886,0.038040741588464176
8.42151284,0.04652475776302739
8.45028138,0.016006713969634545
8.45042181,0.03129625391012436
8.4505012,0.05024795910582132
8.45530009,0.021164263370717938
8.45542312,0.02468909742885481
8.45549917,0.050766765850308995
8.45557308,0.026123445487144275
8.46540046,0.017593652246890974
8.4655211,0.04803540093080034
8.47851539,0.03274586099031052
8.47862816,0.013824673838406958
8.4855659,0.037094682230869
8.48568845,0.04449530785076677
8.50355577,0.013870450904097047
8.50370121,0.02238498512245365
8.50750995,0.04870679789425498
8.51345348,0.024628061341268024
8.51359272,0.016525520714122225
8.52063584,0.04708934157320516
8.52075815,0.03189135576409552
8.53220105,0.013351644159609368
8.53231835,0.03698786907759213
8.54048681,0.04583810177767605
8.54061866,0.014297703517204547
8.56210113,0.024322880903334097
8.56219387,0.05378805218585489
8.56225681,0.03201342793926909
8.56232762,0.027069504844739453
8.56239605,0.061081864652475774
8.58036494,0.04953078507667658
8.58048892,0.026459143968871595
8.58829713,0.04107728694590677
8.5884409,0.02789349202716106
8.59742022,0.0019684138246738384
8.5975821,0.021881437399862667
8.59766293,0.04414435034714275
8.62294126,0.01760891126878767
8.63536048,0.02340733958953231
8.63549876,0.04916456855115587
8.63557482,0.023987182421606777
8.63564587,0.01687647821774624
8.64318943,0.04754711223010605
8.67311621,0.03204394598306248
8.67319989,0.013809414816510261
8.67324138,0.03767452506294346
8.67327619,0.04486152437628748
8.67330384,0.014618142977035172
8.68040204,0.023529411764705882
8.68052292,0.050049591821164266
8.68802166,0.02545204852368963
8.68806171,0.0183413443198291
8.70227551,0.048767833981841764
8.70241737,0.032608529793240255
8.70248342,0.014862287327382314
8.70255375,0.03884946974898909
8.70260763,0.04557869840543221
8.71200418,0.015426871137560083
8.71204782,0.032318608377203024
8.72087646,0.049912260624094
8.73535967,0.020447089341573205
8.73549652,0.025680933852140077
8.73557472,0.051529716945143814
8.75593758,0.026901655603875793
8.75596976,0.020202944991226063
8.75599194,0.05050736247806516
8.75601363,0.03596551461051346
8.76591969,0.01727321278706035
8.76594424,0.04704356450751507
8.76596642,0.04202334630350195
8.78092766,0.015915159838254367
8.78735089,0.04132143129625391
8.78748965,0.04908827344167239
8.80135083,0.01770046540016785
8.80148697,0.034195468070496685
8.81535339,0.051438162813763635
8.81549406,0.02107270923933776
8.82838821,0.025925078202487222
8.82855439,0.0524452582589456
8.83000612,0.025909819180590526
8.8300848,0.019333180743114367
8.83014607,0.04873731593804837
8.84537315,0.031967650873579
8.8454864,0.014221408407721065
8.85841942,0.03826962691691463
8.85858393,0.04469367513542382
8.85865116,0.013839932860303654
8.88239574,0.023346303501945526
8.88251758,0.0490272373540856
8.89119053,0.023468375677119097
8.89125419,0.01736476691844053
8.89796877,0.04750133516441596
8.89799714,0.030304417486839094
8.92233849,0.013336385137712672
8.92248082,0.03768978408484016
8.92255831,0.043717097734035246
8.92261815,0.013550011444266423
8.92268705,0.023651483939879453
8.92443061,0.04940871290150301
8.92455292,0.02391088731212329
8.93797493,0.01782253757534142
8.93802619,0.0477607385366598
8.95391417,0.030640115968566414
8.95393491,0.013839932860303654
8.96051574,0.03723201342793927
8.960639,0.044083314259555965
8.96635008,0.014038300144960708
8.96647334,0.02447547112230106
8.9710052,0.0498970016021973
8.98046327,0.024170290684367133
8.98058319,0.018432898451209278
8.98647094,0.04827954528114748
8.98659205,0.03131151293202106
9.01024866,0.014404516670481423
9.0103898,0.03875791561760891
9.01046753,0.04483100633249409
9.01052666,0.01416037232013428
9.02020526,0.02447547112230106
9.02034998,0.05087357900358587
9.02827692,0.024368657969024186
9.02846432,0.018524452582589456
9.0301652,0.04847791256580453
9.04345965,0.03117418173495079
9.04357386,0.014572365911345083
9.0672338,0.03901731898985275
9.06739712,0.04432745860990311
9.06759572,0.014190890363927672
9.06766915,0.024551766231784542
9.07728744,0.049561303120469975
9.07742643,0.024078736552986955
9.0775044,0.018707560845349813
9.08699059,0.04852368963149462
9.08702588,0.03125047684443427
9.09892392,0.014984359502555887
9.09894896,0.03920042725261311
9.10136366,0.04415960936903945
9.11393571,0.014129854276340887
9.11396766,0.02491798275730526
9.12842965,0.05012588693064775
9.1285646,0.02406347753109026
9.1374557,0.01901274128328374
9.13759685,0.0490424963759823
9.14244461,0.03131151293202106
9.14258599,0.015320057984283207
9.15142727,0.04583810177767605
9.15157175,0.03920042725261311
9.1640048,0.014450293736171512
9.16407275,0.03358510719462882
9.1659503,0.049652857251850153
9.19026685,0.020080872816052493
9.19040847,0.027115281910429542
9.19048023,0.05151445792324712
9.1905241,0.025055313954375526
9.19919991,0.01977569237811856
9.19923735,0.04931715877012283
9.20794463,0.030899519340810255
9.20796609,0.01454184786755169
9.22202349,0.03904783703364614
9.22209191,0.04356450751506828
9.22746181,0.013550011444266423
9.22760463,0.024292362859540704
9.24147201,0.04924086366063935
9.25540066,0.023254749370565347
9.2555213,0.01824979018844892
9.26628208,0.04802014190890364
9.26642346,0.02998397802700847
9.26649022,0.014175631342030976
9.26655912,0.03901731898985275
9.28637981,0.0434882124055848
9.28649139,0.013748378728923476
9.28656912,0.02571145189593347
9.28903961,0.0528877698939498
9.2890811,0.029388876173037308
9.3029592,0.02758831158922713
9.31742001,0.060990310521095596
9.31758428,0.04936293583581292
9.31766367,0.0298619058518349
9.33744931,0.04623483634699016
9.33759212,0.027679865720607308
9.346349,0.0012512397955291067
9.34647751,0.015030136568245976
9.34655786,0.04182497901884489
9.34662986,0.026764324406805522
9.34668756,0.013473716334782941
9.36047673,0.03897154192416266
9.36061978,0.04322880903334096
9.3734839,0.01351949340047303
9.37362528,0.025024795910582133
9.382478,0.04950026703288319
9.39600778,0.022980086976424813
9.39608932,0.018951705195696954
9.39614439,0.048844129091325246
9.39618611,0.030167086289768826
9.40540528,0.014740215152208743
9.40553021,0.0396429388876173
9.41038084,0.04379339284351873
9.41049433,0.014251926451514458
9.4185791,0.025879301136797133
9.41871595,0.049927519645990695
9.42737746,0.02349889372091249
9.42750216,0.020019836728465707
9.43432379,0.04959182116426337
9.44746113,0.030975814450293737
9.44760513,0.015960936903944456
9.46146083,0.04640268558785382
9.4616034,0.03842221713588159
9.4673512,0.014343480582894636
9.46748853,0.03439383535515374
9.47317004,0.049515526054779886
9.47327685,0.019287403677424278
9.48734236,0.027878233005264364
9.48748016,0.052262149996185246
9.4963522,0.025314717326619364
9.49649119,0.021683070115205615
9.51048136,0.051758602273594266
9.51838756,0.03312733653772793
9.51851106,0.017883573662928205
9.53226638,0.04812695506218052
9.53241372,0.039749752040894176
9.53249335,0.015594720378423743
9.53256488,0.04251163500419623
9.54714394,0.04597543297474632
9.54724455,0.015960936903944456
9.54729104,0.034866865033951325
9.547333,0.04919508659494926
9.56258702,0.018356603341725796
9.56273174,0.026749065384908826
9.58253717,0.05029373617151141
9.58551097,0.02293430991073472
9.5856328,0.01936369878690776
9.59049058,0.048722056916151675
9.59061265,0.028809033340962846
9.59839582,0.013839932860303654
9.59851789,0.03904783703364614
9.60741162,0.041992828259708556
9.60752439,0.01228351262684062
9.61646819,0.024551766231784542
9.61661339,0.04849317158770123
9.64046764,0.021515220874341955
9.6406095,0.0183413443198291
9.64199233,0.047882810711833375
9.65033293,0.028137636377508202
9.65044808,0.013473716334782941
9.65534902,0.03884946974898909
9.65549064,0.04187075608453498
9.65556097,0.012619211108567941
9.669029,0.025101091020065615
9.66909575,0.04875257495994507
9.67108488,0.021652552071412222
9.6711328,0.01901274128328374
9.69695544,0.048432135500114444
9.69697952,0.028885328450446328
9.70092583,0.014862287327382314
9.70095134,0.039673456931410694
9.70097518,0.042160677500572216
9.71497631,0.012649729152361334
9.71500373,0.025482566567483024
9.72292781,0.04933241779201953
9.72295213,0.02209506370641642
9.73207378,0.019134813458457314
9.73214936,0.04841687647821775
9.74648404,0.028702220187685968
9.74661422,0.015045395590142672
9.77046466,0.040115968566414896
9.77060938,0.042664225223163196
9.78345847,0.012756542305638208
9.78360128,0.025558861676966506
9.78368092,0.049103532463569084
9.78376031,0.021927214465552756
9.78386068,0.01940947585259785
9.79721594,0.048340581368734266
9.79733706,0.02822919050888838
9.79740381,0.014679179064621958
9.79747891,0.039917601281757836
9.82229209,0.04202334630350195
9.82243752,0.012756542305638208
9.82251644,0.02583352407110704
9.82258677,0.04925612268253605
9.8353579,0.021713588158999007
9.83549595,0.019287403677424278
9.83557415,0.04858472571908141
9.84845805,0.02832074464026856
9.84859085,0.014618142977035172
9.8486681,0.04007019150072481
9.85509276,0.04235904478522927
9.85512662,0.013183794918745708
9.86848783,0.0264438849469749
9.86862946,0.049561303120469975
9.88348818,0.022461280231937133
9.88363123,0.020874341954680704
9.89040589,0.05024795910582132
9.89052677,0.029571984435797664
9.89846945,0.016189822232394905
9.89859152,0.047730220492866404
9.91338158,0.037796597238117034
9.91353559,0.01411459525444419
9.91361403,0.03472953383688106
9.92001939,0.04797436484321355
9.94340706,0.01701380941481651
9.94357586,0.026886396581979097
9.9436543,0.04950026703288319
9.94700384,0.021499961852445258
9.94703841,0.019226367589837492
9.95299578,0.048050659952697035
9.9622848,0.027435721370260166
9.96241188,0.014099336232547494
9.96249199,0.039841306172274354
9.96701241,0.04153505760280766
9.98091817,0.012451361867704281
9.9809432,0.026169222552834364
9.99540329,0.049103532463569084
9.99552321,0.021179522392614634
10.00851345,0.01969939726863508
